{
  "iterations": 900,
  "learning_rate": 0.2752264881598663,
  "depth": 6,
  "l2_leaf_reg": 7.033461909975449,
  "random_strength": 0.024860694098177212,
  "bagging_temperature": 0.9804991350265447,
  "border_count": 101
}