{
  "iterations": 1300,
  "learning_rate": 0.2933858716765266,
  "depth": 6,
  "l2_leaf_reg": 7.037712045609946,
  "random_strength": 0.012485942197085558,
  "bagging_temperature": 0.0008824761363129228,
  "border_count": 36
}