{
  "iterations": 900,
  "learning_rate": 0.12648504810066102,
  "depth": 7,
  "l2_leaf_reg": 4.264396658107436,
  "random_strength": 3.3687288505167275e-08,
  "bagging_temperature": 0.7532296300712857
}