{
  "learning_rate": 0.027789299868273575,
  "depth": 4,
  "l2_leaf_reg": 5.029191702347324,
  "random_strength": 0.0029265166058438253,
  "bagging_temperature": 0.404018038823471
}