{
  "iterations": 1300,
  "learning_rate": 0.11672904931426883,
  "depth": 7,
  "l2_leaf_reg": 2.254920872528615,
  "random_strength": 4.522774643113408,
  "bagging_temperature": 0.42721077800021184,
  "border_count": 105
}