{
  "learning_rate": 0.06945949230149956,
  "depth": 8,
  "l2_leaf_reg": 5.645879653734301,
  "random_strength": 0.07036063145468176,
  "bagging_temperature": 0.21950752241705063,
  "border_count": 242
}