{
  "iterations": 800,
  "learning_rate": 0.041907085287049145,
  "depth": 7,
  "l2_leaf_reg": 9.225031793752132,
  "random_strength": 8.843511675287032e-07,
  "bagging_temperature": 0.5982341088422607
}