{
  "iterations": 1400,
  "learning_rate": 0.25190333569828305,
  "depth": 4,
  "l2_leaf_reg": 7.896540712384104,
  "random_strength": 0.01035866584696091,
  "bagging_temperature": 0.22784123114590726
}