{
  "learning_rate": 0.22289726092535184,
  "depth": 4,
  "l2_leaf_reg": 9.435398983601425,
  "random_strength": 3.5775469573859387e-06,
  "bagging_temperature": 0.9767611603532582,
  "border_count": 37
}