{
  "learning_rate": 0.2929903831623591,
  "depth": 10,
  "l2_leaf_reg": 5.365086020268953,
  "random_strength": 1.3529243265011137e-09,
  "bagging_temperature": 0.11125786405925209
}